1d6z.A_CA_802,1d6z and ( (chain A and resi 133+533+534+535+678+679) )
AF_P46883_as_1d6zA.A_CA_802,AF-P46883-F1-model_v4 and ( resi 163+563+564+565+708+709 )
1d6y.pocket_1,1d6y and ( (chain A and resi 133+533+534+535+678+679) )
1d6y.pocket_2,1d6y and ( (chain B and resi 133+533+534+535+678+679) )
1d6u.pocket_1,1d6u and ( (chain A and resi 133+533+534+535+678+679) )
1d6u.pocket_2,1d6u and ( (chain B and resi 133+533+534+535+678+679) )
1dyu.pocket_1,1dyu and ( (chain A and resi 133+533+534+535+678+679) )
1dyu.pocket_2,1dyu and ( (chain B and resi 133+533+534+535+678+679) )
1jrq.pocket_1,1jrq and ( (chain A and resi 133+533+534+535+678+679) )
1jrq.pocket_2,1jrq and ( (chain B and resi 133+533+534+535+678+679) )
1lvn.pocket_1,1lvn and ( (chain A and resi 133+533+534+535+678+679) )
1lvn.pocket_2,1lvn and ( (chain B and resi 133+533+534+535+678+679) )
1oac.pocket_1,1oac and ( (chain A and resi 133+533+534+535+678+679) )
1oac.pocket_2,1oac and ( (chain B and resi 133+533+534+535+678+679) )
1qaf.pocket_1,1qaf and ( (chain A and resi 133+533+534+535+678+679) )
1qaf.pocket_2,1qaf and ( (chain B and resi 133+533+534+535+678+679) )
1qak.pocket_1,1qak and ( (chain A and resi 133+533+534+535+678+679) )
1qak.pocket_2,1qak and ( (chain B and resi 133+533+534+535+678+679) )
1qal.pocket_1,1qal and ( (chain A and resi 133+533+534+535+678+679) )
1qal.pocket_2,1qal and ( (chain B and resi 133+533+534+535+678+679) )
1spu.pocket_1,1spu and ( (chain A and resi 133+533+534+535+678+679) )
1spu.pocket_2,1spu and ( (chain B and resi 133+533+534+535+678+679) )
2w0q.pocket_1,2w0q and ( (chain A and resi 133+533+534+535+678+679) )
2w0q.pocket_2,2w0q and ( (chain B and resi 133+533+534+535+678+679) )
2wgq.pocket_1,2wgq and ( (chain A and resi 133+533+534+535+678+679) )
2wgq.pocket_2,2wgq and ( (chain B and resi 133+533+534+535+678+679) )
2wo0.pocket_1,2wo0 and ( (chain A and resi 133+533+534+535+678+679) )
2wo0.pocket_2,2wo0 and ( (chain B and resi 133+533+534+535+678+679) )
2wof.pocket_1,2wof and ( (chain A and resi 133+533+534+535+678+679) )
2wof.pocket_2,2wof and ( (chain B and resi 133+533+534+535+678+679) )
2woh.pocket_1,2woh and ( (chain A and resi 133+533+534+535+678+679) )
2woh.pocket_2,2woh and ( (chain B and resi 133+533+534+535+678+679) )
6ezz.pocket_1,6ezz and ( (chain A and resi 133+533+534+535+678+679) )
6ezz.pocket_2,6ezz and ( (chain B and resi 133+533+534+535+678+679) )
6grr.pocket_1,6grr and ( (chain A and resi 133+533+534+535+678+679) )
6grr.pocket_2,6grr and ( (chain B and resi 133+533+534+535+678+679) )
