[
 {
  "structure": "1a0b",
  "pocket_index": "p1",
  "chains_unp": "A",
  "pocket_ptm": [],
  "pocket_nuc": [],
  "allostery_ptm": [],
  "allostery_lig": [],
  "allostery_nuc": []
 },
 {
  "structure": "1bdj",
  "pocket_index": "p1",
  "chains_unp": "B",
  "pocket_ptm": [],
  "pocket_nuc": [],
  "allostery_ptm": [],
  "allostery_lig": [
   "A_SO4_400"
  ],
  "allostery_nuc": []
 },
 {
  "structure": "1fr0",
  "pocket_index": "p1",
  "chains_unp": "A",
  "pocket_ptm": [],
  "pocket_nuc": [],
  "allostery_ptm": [],
  "allostery_lig": [],
  "allostery_nuc": []
 },
 {
  "structure": "2a0b",
  "pocket_index": "p1",
  "chains_unp": "A",
  "pocket_ptm": [],
  "pocket_nuc": [],
  "allostery_ptm": [],
  "allostery_lig": [],
  "allostery_nuc": []
 }
]