structure,pocket,query_POI,POI_type,role,apoholo_assignment,#resis1,#resis2,#resis5,#resis3,unobserved_rsd,%mapped_rsd,%unobserved_rsd,chains2,chains3,chains4,UNPs,RoG,bfac_t,bfac_avg,sasa,sasa_avg,asa,asa_avg,volume,query_ligs,nonquery_ligs,pocket_ptm,pocket_nuc,#solvent,solvent,allostery_lig,allostery_ptm,allostery_nuc,unpseq_overlap,resolution,exp_method,aln_q_chains,tm_score,tm_score_i,rmsd,aln_len,pocket_rms,pocket_len,pocket_dist
1a0b,p1,A_ZN_800,lig,Q,H,4,4,4,4,0,100.0,0.0,A,A,,P0AEC3,4.86,807.58,22.43,142.5,35.62,450.11,112.53,0,ZN,,,,6,HOH,,,,NaN,2.06,X-RAY_DIFFRACTION,,,,,,,,
AF_model,p1,A_ZN_800,lig,M,,,,4,4,0,100.0,,,A,,P0AEC3,4.87,3256.46,90.46,174.78,43.7,461.19,115.3,0,,,,,,,,,,,,model,A,0.99,0.15,0.46,117,1.41,4,0.4
1bdj,p1,A_ZN_800,lig,C,A,,,4,4,0,100.0,0.0,,B,,P0AEC3,4.74,1445.55,40.15,72.68,18.17,456.02,114.01,0,,,,,5,HOH,SO4*1,,,NaN,2.68,X-RAY_DIFFRACTION,A,0.98,0.98,0.53,117,0.61,4,0.2
1fr0,p1,A_ZN_800,lig,C,A,,,4,4,0,100.0,0.0,,A,,P0AEC3,5.11,0.0,0.0,208.65,52.16,450.58,112.64,0,,,,,0,,,,,NaN,-,SOLUTION_NMR,A,0.9,0.85,1.4,117,1.59,4,0.4
2a0b,p1,A_ZN_800,lig,C,H,,,4,4,0,100.0,0.0,,A,,P0AEC3,4.82,722.97,20.08,150.07,37.52,454.29,113.57,0,ZN,,,,10,HOH,,,,NaN,1.57,X-RAY_DIFFRACTION,A,1.0,0.99,0.18,117,0.69,4,0.1
