[
 {
  "structure": "1a0b",
  "pocket_index": "p1",
  "poi": "A_ZN_800",
  "chains_unp": "A",
  "pocket_ligs": [
   "A_ZN_800"
  ]
 },
 {
  "structure": "1bdj",
  "pocket_index": "p1",
  "poi": "A_ZN_800",
  "chains_unp": "B",
  "pocket_ligs": []
 },
 {
  "structure": "1fr0",
  "pocket_index": "p1",
  "poi": "A_ZN_800",
  "chains_unp": "A",
  "pocket_ligs": []
 },
 {
  "structure": "2a0b",
  "pocket_index": "p1",
  "poi": "A_ZN_800",
  "chains_unp": "A",
  "pocket_ligs": [
   "A_ZN_800"
  ]
 }
]