{
    "default_query": null,
    "query": "1a0b A ZN 800",
    "res_threshold": 7.0,
    "resolution_soft": 4.5,
    "exclude_nmr": 0,
    "xray_only": 0,
    "lig_free_sites": 1,
    "water_as_ligand": 0,
    "overlap_threshold": 0.0,
    "bndgrsds_threshold": 30.0,
    "lig_scan_radius": 4.5,
    "crop_query": 1,
    "crop_candidate": 1,
    "expand_chain_rad": 10.0,
    "min_tmscore": 0.0,
    "nonstd_rsds_as_lig": 0,
    "d_aa_as_lig": 0,
    "look_in_archive": 0,
    "work_dir": null,
    "out_dir": "/scratch.ssd/davidhoksza/job_19279729.meta-pbs.metacentrum.cz/1a0b-A-ZN-800",
    "threads": 1,
    "query_parallelism": 1,
    "use_multiprocessing": 0,
    "track_progress": 0,
    "intrfc_lig_radius": 4.5,
    "hoh_scan_radius": 2.5,
    "bndg_res_radius": 4.5,
    "chain_mode": 1,
    "expand_het_rad": 5,
    "complete_expand_by": "residue",
    "multimer": 1,
    "afdb_version": 4,
    "chain_identifier": "chain",
    "alignment": 1,
    "alphafold": 1,
    "allostery": 1,
    "pocket_metrics": 1,
    "save_apo": 0,
    "save_holo": 0,
    "save_session": 0,
    "zip_results": 0,
    "date": "2023-12-28 02:37:22",
    "script_version": "2.0.0",
    "pymol_version": "2.5.0",
    "python_version": "3.9.18"
}